condition,condition_label,checker_scope,attempts,replayed_writer_runs,preserved_independent_baselines,preserved_pre_writer_terminals,preserved_substantive_refusals,preserved_structured_failures,preserved_deterministic_input_gates,old_scored_reviews,new_scored_reviews,review_hashes_changed,identical_document_sets,mean_paired_document_jaccard,identical_citation_pair_sets,mean_paired_citation_pair_jaccard,old_substantive_refusals,old_structured_failures,old_deterministic_input_gates,old_clean_reviews,old_clean_pct,old_e1_mean,old_e1_sd,old_e1_events,old_e2_mean,old_e2_sd,old_e2_events,old_e3_mean,old_e3_sd,old_e3_events,old_e4_mean,old_e4_sd,old_e4_events,old_e5_mean,old_e5_sd,old_e5_events,old_n_citations_mean,old_n_citations_sd,old_n_docs_cited_mean,old_n_docs_cited_sd,old_body_words_mean,old_body_words_sd,old_body_words_min,old_body_words_max,new_substantive_refusals,new_structured_failures,new_deterministic_input_gates,new_clean_reviews,new_clean_pct,new_e1_mean,new_e1_sd,new_e1_events,new_e2_mean,new_e2_sd,new_e2_events,new_e3_mean,new_e3_sd,new_e3_events,new_e4_mean,new_e4_sd,new_e4_events,new_e5_mean,new_e5_sd,new_e5_events,new_n_citations_mean,new_n_citations_sd,new_n_docs_cited_mean,new_n_docs_cited_sd,new_body_words_mean,new_body_words_sd,new_body_words_min,new_body_words_max
phase_a_main,Full RRR (A),E1-E5,100,100,0,0,0,0,0,100,100,100,87,0.989,0,0.497,0,0,0,98,98.0,0,0.0,0,0,0.0,0,0.02,0.14,2,0,0.0,0,0,0.0,0,40.08,6.5,13.45,1.95,1919.47,261.43,1352,2995,0,0,0,100,100.0,0,0.0,0,0,0.0,0,0,0.0,0,0,0.0,0,0,0.0,0,31.84,4.42,13.44,1.93,1682.2,252.88,1289,3020
phase_b2_rag_only,Single-pass retrieval (B2),E1-E5,100,0,100,0,0,0,0,100,100,0,0,,0,,0,0,0,87,87.0,0,0.0,0,0.01,0.1,1,0.25,1.62,25,0.1,0.39,10,0,0.0,0,10.34,3.7,8.43,2.61,703.66,81.69,510,920,0,0,0,87,87.0,0,0.0,0,0.01,0.1,1,0.25,1.62,25,0.1,0.39,10,0,0.0,0,10.34,3.7,8.43,2.61,703.66,81.69,510,920
phase_b_validation_off,Selected-check ablation (B),E1-E5,100,100,0,0,0,0,0,100,100,100,73,0.978,0,0.475,0,0,0,92,92.0,0.04,0.2,4,0,0.0,0,0.01,0.1,1,0.03,0.17,3,0,0.0,0,42.08,7.88,14.68,2.85,2042.93,364.59,1526,3268,0,0,0,95,95.0,0.05,0.22,5,0,0.0,0,0,0.0,0,0,0.0,0,0,0.0,0,34.09,6.97,14.59,2.86,1827.16,354.47,1275,2687
phase_c2_prompt_constrained,Corpus instruction (C2),E1,100,0,100,0,0,0,0,100,100,0,0,,0,,0,0,0,93,93.0,0.08,0.31,8,,,0,0,0.0,0,,,0,,,0,,,14.66,8.71,944.29,174.98,639,1473,0,0,0,93,93.0,0.08,0.31,8,,,0,0,0.0,0,,,0,,,0,,,14.66,8.71,944.29,174.98,639,1473
phase_c_unrestricted,Unrestricted generation (C),E1,100,0,100,0,0,0,0,100,100,0,0,,0,,0,0,0,7,7.0,9.03,4.97,903,,,0,0,0.0,0,,,0,,,0,,,1.82,2.16,847.68,112.98,650,1206,0,0,0,7,7.0,9.03,4.97,903,,,0,0,0.0,0,,,0,,,0,,,1.82,2.16,847.68,112.98,650,1206
phase_d0_gibberish,Gibberish topic (D0),E1-E5,10,0,0,10,0,0,10,0,0,0,0,,0,,0,0,10,0,,,,0,,,0,,,0,,,0,,,0,,,,,,,,,0,0,10,0,,,,0,,,0,,,0,,,0,,,0,,,,,,,,
phase_d1_high_threshold,High threshold (D1),E1-E5,100,100,0,0,0,0,0,100,100,100,87,0.989,0,0.511,0,0,0,93,93.0,0,0.0,0,0,0.0,0,0.04,0.24,4,0.03,0.17,3,0.01,0.1,1,42.12,9.01,14.64,3.0,2054.45,415.3,1415,3470,0,0,0,100,100.0,0,0.0,0,0,0.0,0,0,0.0,0,0,0.0,0,0,0.0,0,34.64,7.2,14.64,2.99,1828.21,390.13,1151,3156
phase_d2_narrow_prompt,Narrow prompt (D2),E1-E5,100,0,0,100,100,0,0,0,0,0,0,,0,,100,0,0,0,,,,0,,,0,,,0,,,0,,,0,,,,,,,,,100,0,0,0,,,,0,,,0,,,0,,,0,,,0,,,,,,,,
phase_d3_marginal_fit,Marginal fit (D3),E1-E5,100,0,0,100,100,0,0,0,0,0,0,,0,,100,0,0,0,,,,0,,,0,,,0,,,0,,,0,,,,,,,,,100,0,0,0,,,,0,,,0,,,0,,,0,,,0,,,,,,,,
phase_f1_adversarial_irrelevant,Institutional irrelevance (F1),E1-E5,100,100,0,0,0,0,0,100,100,100,84,0.986,0,0.508,0,0,0,96,96.0,0.02,0.14,2,0,0.0,0,0,0.0,0,0.01,0.1,1,0.01,0.1,1,33.69,5.38,11.77,2.21,1654.77,267.68,891,2531,0,0,0,98,98.0,0,0.0,0,0,0.0,0,0.01,0.1,1,0,0.0,0,0.01,0.1,1,28.48,4.78,11.84,2.3,1532.77,255.78,901,2300
phase_f2_adversarial_culture,Cultural dominance (F2),E1-E5,100,100,0,0,0,0,0,100,100,100,89,0.992,0,0.503,0,0,0,100,100.0,0,0.0,0,0,0.0,0,0,0.0,0,0,0.0,0,0,0.0,0,40.22,8.68,13.71,3.07,1982.8,346.64,1474,2981,0,0,0,95,95.0,0,0.0,0,0,0.0,0,0.03,0.17,3,0.03,0.22,3,0,0.0,0,32.63,6.7,13.71,3.05,1759.27,356.87,1105,3024
phase_g_gemma3_12b,phase_g_gemma3_12b,E1-E5,25,25,0,0,0,0,0,25,25,25,14,0.963,0,0.588,0,0,0,24,96.0,0,0.0,0,0,0.0,0,0.12,0.6,3,0,0.0,0,0,0.0,0,59.2,8.48,21.84,1.62,1784.44,239.22,1247,2431,0,0,0,25,100.0,0,0.0,0,0,0.0,0,0,0.0,0,0,0.0,0,0,0.0,0,50.64,5.36,21.64,1.63,1641.96,182.18,1364,2073
phase_g_gemma3_12b_refusal_far,phase_g_gemma3_12b_refusal_far,E1-E5,20,0,0,20,20,0,0,0,0,0,0,,0,,20,0,0,0,,,,0,,,0,,,0,,,0,,,0,,,,,,,,,20,0,0,0,,,,0,,,0,,,0,,,0,,,0,,,,,,,,
phase_g_gemma3_12b_refusal_mid,phase_g_gemma3_12b_refusal_mid,E1-E5,20,0,0,20,20,0,0,0,0,0,0,,0,,20,0,0,0,,,,0,,,0,,,0,,,0,,,0,,,,,,,,,20,0,0,0,,,,0,,,0,,,0,,,0,,,0,,,,,,,,
phase_g_gemma3_12b_refusal_near,phase_g_gemma3_12b_refusal_near,E1-E5,20,0,0,20,20,0,0,0,0,0,0,,0,,20,0,0,0,,,,0,,,0,,,0,,,0,,,0,,,,,,,,,20,0,0,0,,,,0,,,0,,,0,,,0,,,0,,,,,,,,
phase_g_gemma3_12b_refusal_wordsalad,phase_g_gemma3_12b_refusal_wordsalad,E1-E5,20,0,0,20,20,0,0,0,0,0,0,,0,,20,0,0,0,,,,0,,,0,,,0,,,0,,,0,,,,,,,,,20,0,0,0,,,,0,,,0,,,0,,,0,,,0,,,,,,,,
phase_g_gemma3_1b,phase_g_gemma3_1b,E1-E5,25,3,0,22,0,22,0,3,3,3,1,0.947,0,0.518,0,22,0,0,0.0,0,0.0,0,0,0.0,0,3,1.73,9,0,0.0,0,0,0.0,0,32.67,13.87,17.33,3.21,1931.33,967.19,1136,3008,0,22,0,1,33.3,0,0.0,0,0,0.0,0,1.67,1.53,5,0.67,1.15,2,0,0.0,0,20,3.46,16.33,2.31,792.67,355.4,553,1201
phase_g_gemma3_1b_refusal_far,phase_g_gemma3_1b_refusal_far,E1-E5,20,0,0,20,0,20,0,0,0,0,0,,0,,0,20,0,0,,,,0,,,0,,,0,,,0,,,0,,,,,,,,,0,20,0,0,,,,0,,,0,,,0,,,0,,,0,,,,,,,,
phase_g_gemma3_1b_refusal_mid,phase_g_gemma3_1b_refusal_mid,E1-E5,20,0,0,20,0,20,0,0,0,0,0,,0,,0,20,0,0,,,,0,,,0,,,0,,,0,,,0,,,,,,,,,0,20,0,0,,,,0,,,0,,,0,,,0,,,0,,,,,,,,
phase_g_gemma3_1b_refusal_near,phase_g_gemma3_1b_refusal_near,E1-E5,20,6,0,14,0,14,0,6,6,6,4,0.958,0,0.745,0,14,0,2,33.3,0,0.0,0,0,0.0,0,3,4.2,18,1.67,3.61,10,0.33,0.82,2,21.33,10.17,16.33,6.09,879.5,469.51,293,1555,0,14,0,1,16.7,0,0.0,0,0,0.0,0,3,3.52,18,0.33,0.52,2,0,0.0,0,19.5,4.28,16.5,5.5,1149.83,350.94,703,1648
phase_g_gemma3_1b_refusal_wordsalad,phase_g_gemma3_1b_refusal_wordsalad,E1-E5,20,0,0,20,0,20,0,0,0,0,0,,0,,0,20,0,0,,,,0,,,0,,,0,,,0,,,0,,,,,,,,,0,20,0,0,,,,0,,,0,,,0,,,0,,,0,,,,,,,,
phase_g_gemma3_270m,phase_g_gemma3_270m,E1-E5,25,0,0,25,0,25,0,0,0,0,0,,0,,0,25,0,0,,,,0,,,0,,,0,,,0,,,0,,,,,,,,,0,25,0,0,,,,0,,,0,,,0,,,0,,,0,,,,,,,,
phase_g_gemma3_270m_refusal_far,phase_g_gemma3_270m_refusal_far,E1-E5,20,0,0,20,0,20,0,0,0,0,0,,0,,0,20,0,0,,,,0,,,0,,,0,,,0,,,0,,,,,,,,,0,20,0,0,,,,0,,,0,,,0,,,0,,,0,,,,,,,,
phase_g_gemma3_270m_refusal_mid,phase_g_gemma3_270m_refusal_mid,E1-E5,20,0,0,20,0,20,0,0,0,0,0,,0,,0,20,0,0,,,,0,,,0,,,0,,,0,,,0,,,,,,,,,0,20,0,0,,,,0,,,0,,,0,,,0,,,0,,,,,,,,
phase_g_gemma3_270m_refusal_near,phase_g_gemma3_270m_refusal_near,E1-E5,20,0,0,20,0,20,0,0,0,0,0,,0,,0,20,0,0,,,,0,,,0,,,0,,,0,,,0,,,,,,,,,0,20,0,0,,,,0,,,0,,,0,,,0,,,0,,,,,,,,
phase_g_gemma3_270m_refusal_wordsalad,phase_g_gemma3_270m_refusal_wordsalad,E1-E5,20,0,0,20,0,20,0,0,0,0,0,,0,,0,20,0,0,,,,0,,,0,,,0,,,0,,,0,,,,,,,,,0,20,0,0,,,,0,,,0,,,0,,,0,,,0,,,,,,,,
phase_g_gemma3_4b,phase_g_gemma3_4b,E1-E5,25,0,0,25,25,0,0,0,0,0,0,,0,,25,0,0,0,,,,0,,,0,,,0,,,0,,,0,,,,,,,,,25,0,0,0,,,,0,,,0,,,0,,,0,,,0,,,,,,,,
phase_g_gemma3_4b_refusal_far,phase_g_gemma3_4b_refusal_far,E1-E5,20,0,0,20,20,0,0,0,0,0,0,,0,,20,0,0,0,,,,0,,,0,,,0,,,0,,,0,,,,,,,,,20,0,0,0,,,,0,,,0,,,0,,,0,,,0,,,,,,,,
phase_g_gemma3_4b_refusal_mid,phase_g_gemma3_4b_refusal_mid,E1-E5,20,0,0,20,20,0,0,0,0,0,0,,0,,20,0,0,0,,,,0,,,0,,,0,,,0,,,0,,,,,,,,,20,0,0,0,,,,0,,,0,,,0,,,0,,,0,,,,,,,,
phase_g_gemma3_4b_refusal_near,phase_g_gemma3_4b_refusal_near,E1-E5,20,0,0,20,20,0,0,0,0,0,0,,0,,20,0,0,0,,,,0,,,0,,,0,,,0,,,0,,,,,,,,,20,0,0,0,,,,0,,,0,,,0,,,0,,,0,,,,,,,,
phase_g_gemma3_4b_refusal_wordsalad,phase_g_gemma3_4b_refusal_wordsalad,E1-E5,20,0,0,20,20,0,0,0,0,0,0,,0,,20,0,0,0,,,,0,,,0,,,0,,,0,,,0,,,,,,,,,20,0,0,0,,,,0,,,0,,,0,,,0,,,0,,,,,,,,
phase_g_ministral-3_3b,phase_g_ministral-3_3b,E1-E5,25,25,0,0,0,0,0,25,25,25,2,0.873,0,0.412,0,0,0,19,76.0,0,0.0,0,0,0.0,0,0,0.0,0,0.24,0.44,6,0.04,0.2,1,39,6.86,19.04,2.44,2402.44,428.98,1522,3088,0,0,0,18,72.0,0,0.0,0,0,0.0,0,0.04,0.2,1,0.12,0.33,3,0.12,0.33,3,32,5.61,19.28,2.7,2242.72,401.07,1295,2916
phase_g_ministral-3_3b_refusal_far,phase_g_ministral-3_3b_refusal_far,E1-E5,20,0,0,20,20,0,0,0,0,0,0,,0,,20,0,0,0,,,,0,,,0,,,0,,,0,,,0,,,,,,,,,20,0,0,0,,,,0,,,0,,,0,,,0,,,0,,,,,,,,
phase_g_ministral-3_3b_refusal_mid,phase_g_ministral-3_3b_refusal_mid,E1-E5,20,0,0,20,20,0,0,0,0,0,0,,0,,20,0,0,0,,,,0,,,0,,,0,,,0,,,0,,,,,,,,,20,0,0,0,,,,0,,,0,,,0,,,0,,,0,,,,,,,,
phase_g_ministral-3_3b_refusal_near,phase_g_ministral-3_3b_refusal_near,E1-E5,20,3,0,17,17,0,0,3,3,3,0,0.789,0,0.28,17,0,0,3,100.0,0,0.0,0,0,0.0,0,0,0.0,0,0,0.0,0,0,0.0,0,23.33,4.16,11.33,2.08,1610.67,365.01,1228,1955,17,0,0,3,100.0,0,0.0,0,0,0.0,0,0,0.0,0,0,0.0,0,0,0.0,0,19.33,2.89,10.67,2.08,1435.67,377.65,1022,1762
phase_g_ministral-3_3b_refusal_wordsalad,phase_g_ministral-3_3b_refusal_wordsalad,E1-E5,20,0,0,20,20,0,0,0,0,0,0,,0,,20,0,0,0,,,,0,,,0,,,0,,,0,,,0,,,,,,,,,20,0,0,0,,,,0,,,0,,,0,,,0,,,0,,,,,,,,
phase_g_mistral-small_24b,phase_g_mistral-small_24b,E1-E5,25,25,0,0,0,0,0,25,25,25,22,0.989,0,0.497,0,0,0,25,100.0,0,0.0,0,0,0.0,0,0,0.0,0,0,0.0,0,0,0.0,0,40.4,7.15,13.92,2.64,1921.2,301.3,1262,2589,0,0,0,24,96.0,0,0.0,0,0,0.0,0,0.12,0.6,3,0,0.0,0,0,0.0,0,32,5.73,13.92,2.58,1689.52,265.0,1285,2224
phase_g_mistral-small_24b_refusal_far,phase_g_mistral-small_24b_refusal_far,E1-E5,20,0,0,20,20,0,0,0,0,0,0,,0,,20,0,0,0,,,,0,,,0,,,0,,,0,,,0,,,,,,,,,20,0,0,0,,,,0,,,0,,,0,,,0,,,0,,,,,,,,
phase_g_mistral-small_24b_refusal_mid,phase_g_mistral-small_24b_refusal_mid,E1-E5,20,0,0,20,20,0,0,0,0,0,0,,0,,20,0,0,0,,,,0,,,0,,,0,,,0,,,0,,,,,,,,,20,0,0,0,,,,0,,,0,,,0,,,0,,,0,,,,,,,,
phase_g_mistral-small_24b_refusal_near,phase_g_mistral-small_24b_refusal_near,E1-E5,20,0,0,20,20,0,0,0,0,0,0,,0,,20,0,0,0,,,,0,,,0,,,0,,,0,,,0,,,,,,,,,20,0,0,0,,,,0,,,0,,,0,,,0,,,0,,,,,,,,
phase_g_mistral-small_24b_refusal_wordsalad,phase_g_mistral-small_24b_refusal_wordsalad,E1-E5,20,0,0,20,0,20,0,0,0,0,0,,0,,0,20,0,0,,,,0,,,0,,,0,,,0,,,0,,,,,,,,,0,20,0,0,,,,0,,,0,,,0,,,0,,,0,,,,,,,,
phase_g_mistral_7b,phase_g_mistral_7b,E1-E5,25,25,0,0,0,0,0,25,25,25,4,0.906,0,0.509,0,0,0,9,36.0,0.04,0.2,1,0,0.0,0,3.36,3.97,84,0.28,0.61,7,0,0.0,0,57.44,9.12,20.92,1.73,3164.84,614.99,2143,4737,0,0,0,10,40.0,0.12,0.33,3,0,0.0,0,3.48,4.12,87,0,0.0,0,0,0.0,0,42.8,6.11,20.72,1.99,2558.4,480.55,1216,3488
phase_g_mistral_7b_refusal_far,phase_g_mistral_7b_refusal_far,E1-E5,20,0,0,20,20,0,0,0,0,0,0,,0,,20,0,0,0,,,,0,,,0,,,0,,,0,,,0,,,,,,,,,20,0,0,0,,,,0,,,0,,,0,,,0,,,0,,,,,,,,
phase_g_mistral_7b_refusal_mid,phase_g_mistral_7b_refusal_mid,E1-E5,20,0,0,20,20,0,0,0,0,0,0,,0,,20,0,0,0,,,,0,,,0,,,0,,,0,,,0,,,,,,,,,20,0,0,0,,,,0,,,0,,,0,,,0,,,0,,,,,,,,
phase_g_mistral_7b_refusal_near,phase_g_mistral_7b_refusal_near,E1-E5,20,6,0,14,1,13,0,6,6,6,3,0.957,0,0.589,1,13,0,2,33.3,0,0.0,0,0,0.0,0,4,4.52,24,0.5,1.22,3,0,0.0,0,56.83,9.75,22.17,1.83,3211.17,433.89,2571,3774,1,13,0,2,33.3,0,0.0,0,0,0.0,0,2.67,2.88,16,0,0.0,0,0,0.0,0,46.5,3.39,22.5,0.55,2724.17,577.94,2065,3573
phase_g_mistral_7b_refusal_wordsalad,phase_g_mistral_7b_refusal_wordsalad,E1-E5,20,0,0,20,20,0,0,0,0,0,0,,0,,20,0,0,0,,,,0,,,0,,,0,,,0,,,0,,,,,,,,,20,0,0,0,,,,0,,,0,,,0,,,0,,,0,,,,,,,,
phase_g_qwen3_0_6b,phase_g_qwen3_0_6b,E1-E5,25,9,0,16,0,16,0,9,9,9,0,0.466,0,0.304,0,16,0,4,44.4,0,0.0,0,0,0.0,0,3.33,4.39,30,0.44,0.88,4,0.22,0.67,2,10.11,8.19,4,2.18,572.89,243.85,335,1054,0,16,0,6,66.7,0,0.0,0,0,0.0,0,0.89,1.69,8,0,0.0,0,0,0.0,0,13.44,7.89,5.67,3.16,629.33,404.26,219,1459
phase_g_qwen3_0_6b_refusal_far,phase_g_qwen3_0_6b_refusal_far,E1-E5,20,20,0,0,0,0,0,20,20,20,4,0.718,0,0.488,0,0,0,15,75.0,0,0.0,0,0,0.0,0,0.6,1.43,12,0,0.0,0,0,0.0,0,10,6.24,4.4,2.74,305.25,182.24,39,833,0,0,0,17,85.0,0,0.0,0,0,0.0,0,0.3,0.8,6,0,0.0,0,0,0.0,0,13.6,9.67,5,2.68,367.9,190.29,48,1012
phase_g_qwen3_0_6b_refusal_mid,phase_g_qwen3_0_6b_refusal_mid,E1-E5,20,19,0,1,0,1,0,19,19,19,3,0.734,0,0.501,0,1,0,13,68.4,0,0.0,0,0,0.0,0,2.16,5.39,41,0,0.0,0,0,0.0,0,11.47,5.17,4.16,1.26,398.21,195.32,151,1052,0,1,0,13,68.4,0,0.0,0,0,0.0,0,1.21,2.27,23,0,0.0,0,0,0.0,0,10.53,4.61,4.53,1.12,377.53,135.98,204,623
phase_g_qwen3_0_6b_refusal_near,phase_g_qwen3_0_6b_refusal_near,E1-E5,20,20,0,0,0,0,0,20,20,20,3,0.633,2,0.537,0,0,0,15,75.0,0,0.0,0,0,0.0,0,0.6,1.57,12,0.05,0.22,1,0,0.0,0,10.7,6.11,4.2,1.96,368.6,217.36,50,963,0,0,0,16,80.0,0,0.0,0,0,0.0,0,0.45,0.94,9,0,0.0,0,0,0.0,0,13.2,7.41,5,2.41,428.7,202.0,137,894
phase_g_qwen3_0_6b_refusal_wordsalad,phase_g_qwen3_0_6b_refusal_wordsalad,E1-E5,20,19,0,1,0,1,0,19,18,19,4,0.688,0,0.523,0,1,0,9,47.4,0,0.0,0,0,0.0,0,6.47,13.7,123,1.63,5.95,31,0,0.0,0,16.63,16.51,4.37,1.67,420.68,234.3,148,1218,1,1,0,14,77.8,0,0.0,0,0,0.0,0,0.33,0.69,6,0,0.0,0,0,0.0,0,12.17,5.89,4.83,1.1,394.33,160.29,171,757
phase_g_qwen3_14b,phase_g_qwen3_14b,E1-E5,25,25,0,0,0,0,0,25,25,25,0,0.737,0,0.595,0,0,0,25,100.0,0,0.0,0,0,0.0,0,0,0.0,0,0,0.0,0,0,0.0,0,19.04,2.98,14.88,2.49,1018.4,154.38,602,1298,0,0,0,25,100.0,0,0.0,0,0,0.0,0,0,0.0,0,0,0.0,0,0,0.0,0,18.92,3.19,14.6,2.24,980.76,168.82,662,1413
phase_g_qwen3_14b_refusal_far,phase_g_qwen3_14b_refusal_far,E1-E5,20,0,0,20,20,0,0,0,0,0,0,,0,,20,0,0,0,,,,0,,,0,,,0,,,0,,,0,,,,,,,,,20,0,0,0,,,,0,,,0,,,0,,,0,,,0,,,,,,,,
phase_g_qwen3_14b_refusal_mid,phase_g_qwen3_14b_refusal_mid,E1-E5,20,0,0,20,20,0,0,0,0,0,0,,0,,20,0,0,0,,,,0,,,0,,,0,,,0,,,0,,,,,,,,,20,0,0,0,,,,0,,,0,,,0,,,0,,,0,,,,,,,,
phase_g_qwen3_14b_refusal_near,phase_g_qwen3_14b_refusal_near,E1-E5,20,0,0,20,20,0,0,0,0,0,0,,0,,20,0,0,0,,,,0,,,0,,,0,,,0,,,0,,,,,,,,,20,0,0,0,,,,0,,,0,,,0,,,0,,,0,,,,,,,,
phase_g_qwen3_14b_refusal_wordsalad,phase_g_qwen3_14b_refusal_wordsalad,E1-E5,20,0,0,20,20,0,0,0,0,0,0,,0,,20,0,0,0,,,,0,,,0,,,0,,,0,,,0,,,,,,,,,20,0,0,0,,,,0,,,0,,,0,,,0,,,0,,,,,,,,
phase_g_qwen3_1_7b,phase_g_qwen3_1_7b,E1-E5,25,25,0,0,0,0,0,25,25,25,4,0.769,0,0.616,0,0,0,25,100.0,0,0.0,0,0,0.0,0,0,0.0,0,0,0.0,0,0,0.0,0,11.12,3.35,8.76,2.13,588.76,290.59,201,1137,0,0,0,25,100.0,0,0.0,0,0,0.0,0,0,0.0,0,0,0.0,0,0,0.0,0,12.8,3.25,8.8,2.0,596.08,255.93,205,1134
phase_g_qwen3_1_7b_refusal_far,phase_g_qwen3_1_7b_refusal_far,E1-E5,20,0,0,20,20,0,0,0,0,0,0,,0,,20,0,0,0,,,,0,,,0,,,0,,,0,,,0,,,,,,,,,20,0,0,0,,,,0,,,0,,,0,,,0,,,0,,,,,,,,
phase_g_qwen3_1_7b_refusal_mid,phase_g_qwen3_1_7b_refusal_mid,E1-E5,20,0,0,20,20,0,0,0,0,0,0,,0,,20,0,0,0,,,,0,,,0,,,0,,,0,,,0,,,,,,,,,20,0,0,0,,,,0,,,0,,,0,,,0,,,0,,,,,,,,
phase_g_qwen3_1_7b_refusal_near,phase_g_qwen3_1_7b_refusal_near,E1-E5,20,1,0,19,19,0,0,1,1,1,0,0.9,0,0.818,19,0,0,1,100.0,0,0.0,0,0,0.0,0,0,0.0,0,0,0.0,0,0,0.0,0,13,0.0,10,0.0,1012,0.0,1012,1012,19,0,0,0,0.0,0,0.0,0,0,0.0,0,1,0.0,1,0,0.0,0,0,0.0,0,9,0.0,9,0.0,917,0.0,917,917
phase_g_qwen3_1_7b_refusal_wordsalad,phase_g_qwen3_1_7b_refusal_wordsalad,E1-E5,20,0,0,20,20,0,0,0,0,0,0,,0,,20,0,0,0,,,,0,,,0,,,0,,,0,,,0,,,,,,,,,20,0,0,0,,,,0,,,0,,,0,,,0,,,0,,,,,,,,
phase_g_qwen3_4b,phase_g_qwen3_4b,E1-E5,25,25,0,0,0,0,0,25,25,25,6,0.88,0,0.55,0,0,0,2,8.0,0,0.0,0,0,0.0,0,5.96,5.88,149,1.24,1.3,31,0,0.0,0,66.88,32.4,13,5.45,1508.08,601.85,378,2709,0,0,0,1,4.0,0,0.0,0,0,0.0,0,8.32,7.16,208,1.44,1.56,36,0,0.0,0,79.56,25.38,14.24,5.43,1715.68,571.78,527,2813
phase_g_qwen3_4b_refusal_far,phase_g_qwen3_4b_refusal_far,E1-E5,20,0,0,20,20,0,0,0,0,0,0,,0,,20,0,0,0,,,,0,,,0,,,0,,,0,,,0,,,,,,,,,20,0,0,0,,,,0,,,0,,,0,,,0,,,0,,,,,,,,
phase_g_qwen3_4b_refusal_mid,phase_g_qwen3_4b_refusal_mid,E1-E5,20,0,0,20,20,0,0,0,0,0,0,,0,,20,0,0,0,,,,0,,,0,,,0,,,0,,,0,,,,,,,,,20,0,0,0,,,,0,,,0,,,0,,,0,,,0,,,,,,,,
phase_g_qwen3_4b_refusal_near,phase_g_qwen3_4b_refusal_near,E1-E5,20,0,0,20,20,0,0,0,0,0,0,,0,,20,0,0,0,,,,0,,,0,,,0,,,0,,,0,,,,,,,,,20,0,0,0,,,,0,,,0,,,0,,,0,,,0,,,,,,,,
phase_g_qwen3_4b_refusal_wordsalad,phase_g_qwen3_4b_refusal_wordsalad,E1-E5,20,0,0,20,20,0,0,0,0,0,0,,0,,20,0,0,0,,,,0,,,0,,,0,,,0,,,0,,,,,,,,,20,0,0,0,,,,0,,,0,,,0,,,0,,,0,,,,,,,,
phase_g_qwen3_8b,phase_g_qwen3_8b,E1-E5,25,25,0,0,0,0,0,25,25,25,0,0.788,0,0.647,0,0,0,24,96.0,0.04,0.2,1,0,0.0,0,0,0.0,0,0,0.0,0,0,0.0,0,20.76,4.39,14.76,2.26,1176.36,355.62,573,1931,0,0,0,25,100.0,0,0.0,0,0,0.0,0,0,0.0,0,0,0.0,0,0,0.0,0,19,3.3,14.4,2.25,989.72,248.41,512,1351
phase_g_qwen3_8b_refusal_far,phase_g_qwen3_8b_refusal_far,E1-E5,20,0,0,20,20,0,0,0,0,0,0,,0,,20,0,0,0,,,,0,,,0,,,0,,,0,,,0,,,,,,,,,20,0,0,0,,,,0,,,0,,,0,,,0,,,0,,,,,,,,
phase_g_qwen3_8b_refusal_mid,phase_g_qwen3_8b_refusal_mid,E1-E5,20,0,0,20,20,0,0,0,0,0,0,,0,,20,0,0,0,,,,0,,,0,,,0,,,0,,,0,,,,,,,,,20,0,0,0,,,,0,,,0,,,0,,,0,,,0,,,,,,,,
phase_g_qwen3_8b_refusal_near,phase_g_qwen3_8b_refusal_near,E1-E5,20,0,0,20,20,0,0,0,0,0,0,,0,,20,0,0,0,,,,0,,,0,,,0,,,0,,,0,,,,,,,,,20,0,0,0,,,,0,,,0,,,0,,,0,,,0,,,,,,,,
phase_g_qwen3_8b_refusal_wordsalad,phase_g_qwen3_8b_refusal_wordsalad,E1-E5,20,0,0,20,20,0,0,0,0,0,0,,0,,20,0,0,0,,,,0,,,0,,,0,,,0,,,0,,,,,,,,,20,0,0,0,,,,0,,,0,,,0,,,0,,,0,,,,,,,,
phase_g_refusal_gibberish,phase_g_refusal_gibberish,E1-E5,20,0,0,20,0,0,20,0,0,0,0,,0,,0,0,20,0,,,,0,,,0,,,0,,,0,,,0,,,,,,,,,0,0,20,0,,,,0,,,0,,,0,,,0,,,0,,,,,,,,
phase_s10_docs,Ten-document corpus (S10),E1-E5,25,25,0,0,0,0,0,25,25,25,24,0.996,0,0.44,0,0,0,25,100.0,0,0.0,0,0,0.0,0,0,0.0,0,0,0.0,0,0,0.0,0,34.64,6.18,9.4,0.58,1645.16,249.02,1234,2347,0,0,0,25,100.0,0,0.0,0,0,0.0,0,0,0.0,0,0,0.0,0,0,0.0,0,25.08,4.02,9.44,0.51,1540.44,282.11,986,2149
phase_s25_docs,Twenty-five-document corpus (S25),E1-E5,25,25,0,0,0,0,0,25,25,25,22,0.991,0,0.548,0,0,0,24,96.0,0,0.0,0,0,0.0,0,0.04,0.2,1,0,0.0,0,0,0.0,0,42.36,7.18,14.28,2.54,2044.44,354.46,1466,3193,0,0,0,25,100.0,0,0.0,0,0,0.0,0,0,0.0,0,0,0.0,0,0,0.0,0,34.6,5.53,14.24,2.5,1859.12,359.42,1456,3332
phase_s50_docs,Fifty-document corpus (S50),E1-E5,25,25,0,0,0,0,0,25,25,25,23,0.992,0,0.505,0,0,0,25,100.0,0,0.0,0,0,0.0,0,0,0.0,0,0,0.0,0,0,0.0,0,41.72,7.64,14.6,2.52,1984.4,348.47,1306,3000,0,0,0,25,100.0,0,0.0,0,0,0.0,0,0,0.0,0,0,0.0,0,0,0.0,0,33.12,5.93,14.72,2.53,1843.04,253.95,1433,2583
phase_t1_gender,Gender topic (T1),E1-E5,30,30,0,0,0,0,0,30,30,30,14,0.959,0,0.488,0,0,0,30,100.0,0,0.0,0,0,0.0,0,0,0.0,0,0,0.0,0,0,0.0,0,46.47,7.31,17.97,3.8,2198.1,333.95,1613,2792,0,0,0,29,96.7,0,0.0,0,0,0.0,0,0.03,0.18,1,0,0.0,0,0,0.0,0,39.07,6.19,18.03,3.75,2004.67,350.81,1400,2738
phase_t2_colonial,Colonial topic (T2),E1-E5,30,30,0,0,0,0,0,30,30,30,27,0.992,0,0.539,0,0,0,29,96.7,0.03,0.18,1,0,0.0,0,0,0.0,0,0,0.0,0,0,0.0,0,36.77,4.96,11.97,1.19,1793.2,259.02,1327,2613,0,0,0,28,93.3,0,0.0,0,0,0.0,0,0.07,0.25,2,0,0.0,0,0,0.0,0,30.3,4.25,11.87,1.14,1574.87,235.49,1090,2197
